Animal,Animal_path,Camera,UAV_path,Speed,Bias,Total_hits,Actual_hits
reef,straight,garmin,lawnmower,1,yes,7,2
reef,straight,garmin,lawnmower,1,no,7,2
reef,straight,garmin,lawnmower,2,yes,9,2
reef,straight,garmin,lawnmower,2,no,7,2
reef,straight,garmin,figure8,1,yes,0,0
reef,straight,garmin,figure8,1,no,0,0
reef,straight,garmin,figure8,2,yes,0,0
reef,straight,garmin,figure8,2,no,0,0
reef,straight,sony,lawnmower,1,yes,0,0
reef,straight,sony,lawnmower,1,no,0,0
reef,straight,sony,lawnmower,2,yes,0,0
reef,straight,sony,lawnmower,2,no,0,0
reef,straight,sony,figure8,1,yes,0,0
reef,straight,sony,figure8,1,no,0,0
reef,straight,sony,figure8,2,yes,0,0
reef,straight,sony,figure8,2,no,0,0
reef,straight,nadir,lawnmower,1,yes,11,2
reef,straight,nadir,lawnmower,1,no,9,2
reef,straight,nadir,lawnmower,2,yes,10,2
reef,straight,nadir,lawnmower,2,no,10,2
reef,straight,nadir,figure8,1,yes,0,0
reef,straight,nadir,figure8,1,no,0,0
reef,straight,nadir,figure8,2,yes,0,0
reef,straight,nadir,figure8,2,no,0,0
reef,stop25,garmin,lawnmower,1,yes,6,2
reef,stop25,garmin,lawnmower,1,no,7,2
reef,stop25,garmin,lawnmower,2,yes,8,2
reef,stop25,garmin,lawnmower,2,no,8,2
reef,stop25,garmin,figure8,1,yes,0,0
reef,stop25,garmin,figure8,1,no,0,0
reef,stop25,garmin,figure8,2,yes,0,0
reef,stop25,garmin,figure8,2,no,0,0
reef,stop25,sony,lawnmower,1,yes,0,0
reef,stop25,sony,lawnmower,1,no,0,0
reef,stop25,sony,lawnmower,2,yes,0,0
reef,stop25,sony,lawnmower,2,no,0,0
reef,stop25,sony,figure8,1,yes,0,0
reef,stop25,sony,figure8,1,no,0,0
reef,stop25,sony,figure8,2,yes,0,0
reef,stop25,sony,figure8,2,no,0,0
reef,stop25,nadir,lawnmower,1,yes,10,2
reef,stop25,nadir,lawnmower,1,no,11,2
reef,stop25,nadir,lawnmower,2,yes,10,2
reef,stop25,nadir,lawnmower,2,no,11,2
reef,stop25,nadir,figure8,1,yes,0,0
reef,stop25,nadir,figure8,1,no,0,0
reef,stop25,nadir,figure8,2,yes,0,0
reef,stop25,nadir,figure8,2,no,0,0
reef,stop50,garmin,lawnmower,1,yes,7,2
reef,stop50,garmin,lawnmower,1,no,7,2
reef,stop50,garmin,lawnmower,2,yes,7,2
reef,stop50,garmin,lawnmower,2,no,8,2
reef,stop50,garmin,figure8,1,yes,0,0
reef,stop50,garmin,figure8,1,no,0,0
reef,stop50,garmin,figure8,2,yes,0,0
reef,stop50,garmin,figure8,2,no,0,0
reef,stop50,sony,lawnmower,1,yes,0,0
reef,stop50,sony,lawnmower,1,no,0,0
reef,stop50,sony,lawnmower,2,yes,0,0
reef,stop50,sony,lawnmower,2,no,0,0
reef,stop50,sony,figure8,1,yes,0,0
reef,stop50,sony,figure8,1,no,0,0
reef,stop50,sony,figure8,2,yes,0,0
reef,stop50,sony,figure8,2,no,0,0
reef,stop50,nadir,lawnmower,1,yes,10,2
reef,stop50,nadir,lawnmower,1,no,9,2
reef,stop50,nadir,lawnmower,2,yes,10,2
reef,stop50,nadir,lawnmower,2,no,11,2
reef,stop50,nadir,figure8,1,yes,0,0
reef,stop50,nadir,figure8,1,no,0,0
reef,stop50,nadir,figure8,2,yes,0,0
reef,stop50,nadir,figure8,2,no,0,0
reef,stop75,garmin,lawnmower,1,yes,7,2
reef,stop75,garmin,lawnmower,1,no,7,2
reef,stop75,garmin,lawnmower,2,yes,9,2
reef,stop75,garmin,lawnmower,2,no,7,2
reef,stop75,garmin,figure8,1,yes,0,0
reef,stop75,garmin,figure8,1,no,0,0
reef,stop75,garmin,figure8,2,yes,0,0
reef,stop75,garmin,figure8,2,no,0,0
reef,stop75,sony,lawnmower,1,yes,0,0
reef,stop75,sony,lawnmower,1,no,0,0
reef,stop75,sony,lawnmower,2,yes,0,0
reef,stop75,sony,lawnmower,2,no,0,0
reef,stop75,sony,figure8,1,yes,0,0
reef,stop75,sony,figure8,1,no,0,0
reef,stop75,sony,figure8,2,yes,0,0
reef,stop75,sony,figure8,2,no,0,0
reef,stop75,nadir,lawnmower,1,yes,11,2
reef,stop75,nadir,lawnmower,1,no,11,2
reef,stop75,nadir,lawnmower,2,yes,11,2
reef,stop75,nadir,lawnmower,2,no,10,2
reef,stop75,nadir,figure8,1,yes,0,0
reef,stop75,nadir,figure8,1,no,0,0
reef,stop75,nadir,figure8,2,yes,0,0
reef,stop75,nadir,figure8,2,no,0,0
reef,random60,garmin,lawnmower,1,yes,0,0
reef,random60,garmin,lawnmower,1,no,0,0
reef,random60,garmin,lawnmower,2,yes,0,0
reef,random60,garmin,lawnmower,2,no,0,0
reef,random60,garmin,figure8,1,yes,0,0
reef,random60,garmin,figure8,1,no,0,0
reef,random60,garmin,figure8,2,yes,0,0
reef,random60,garmin,figure8,2,no,0,0
reef,random60,sony,lawnmower,1,yes,0,0
reef,random60,sony,lawnmower,1,no,0,0
reef,random60,sony,lawnmower,2,yes,0,0
reef,random60,sony,lawnmower,2,no,0,0
reef,random60,sony,figure8,1,yes,0,0
reef,random60,sony,figure8,1,no,0,0
reef,random60,sony,figure8,2,yes,0,0
reef,random60,sony,figure8,2,no,0,0
reef,random60,nadir,lawnmower,1,yes,0,0
reef,random60,nadir,lawnmower,1,no,0,0
reef,random60,nadir,lawnmower,2,yes,0,0
reef,random60,nadir,lawnmower,2,no,0,0
reef,random60,nadir,figure8,1,yes,0,0
reef,random60,nadir,figure8,1,no,0,0
reef,random60,nadir,figure8,2,yes,0,0
reef,random60,nadir,figure8,2,no,0,0
reef,random120,garmin,lawnmower,1,yes,0,0
reef,random120,garmin,lawnmower,1,no,0,0
reef,random120,garmin,lawnmower,2,yes,0,0
reef,random120,garmin,lawnmower,2,no,0,0
reef,random120,garmin,figure8,1,yes,0,0
reef,random120,garmin,figure8,1,no,0,0
reef,random120,garmin,figure8,2,yes,0,0
reef,random120,garmin,figure8,2,no,0,0
reef,random120,sony,lawnmower,1,yes,0,0
reef,random120,sony,lawnmower,1,no,0,0
reef,random120,sony,lawnmower,2,yes,0,0
reef,random120,sony,lawnmower,2,no,0,0
reef,random120,sony,figure8,1,yes,0,0
reef,random120,sony,figure8,1,no,0,0
reef,random120,sony,figure8,2,yes,0,0
reef,random120,sony,figure8,2,no,0,0
reef,random120,nadir,lawnmower,1,yes,0,0
reef,random120,nadir,lawnmower,1,no,0,0
reef,random120,nadir,lawnmower,2,yes,0,0
reef,random120,nadir,lawnmower,2,no,0,0
reef,random120,nadir,figure8,1,yes,0,0
reef,random120,nadir,figure8,1,no,0,0
reef,random120,nadir,figure8,2,yes,0,0
reef,random120,nadir,figure8,2,no,0,0
reef,random180,garmin,lawnmower,1,yes,0,0
reef,random180,garmin,lawnmower,1,no,0,0
reef,random180,garmin,lawnmower,2,yes,0,0
reef,random180,garmin,lawnmower,2,no,0,0
reef,random180,garmin,figure8,1,yes,0,0
reef,random180,garmin,figure8,1,no,0,0
reef,random180,garmin,figure8,2,yes,0,0
reef,random180,garmin,figure8,2,no,0,0
reef,random180,sony,lawnmower,1,yes,0,0
reef,random180,sony,lawnmower,1,no,0,0
reef,random180,sony,lawnmower,2,yes,0,0
reef,random180,sony,lawnmower,2,no,0,0
reef,random180,sony,figure8,1,yes,0,0
reef,random180,sony,figure8,1,no,0,0
reef,random180,sony,figure8,2,yes,0,0
reef,random180,sony,figure8,2,no,0,0
reef,random180,nadir,lawnmower,1,yes,0,0
reef,random180,nadir,lawnmower,1,no,0,0
reef,random180,nadir,lawnmower,2,yes,0,0
reef,random180,nadir,lawnmower,2,no,0,0
reef,random180,nadir,figure8,1,yes,0,0
reef,random180,nadir,figure8,1,no,0,0
reef,random180,nadir,figure8,2,yes,0,0
reef,random180,nadir,figure8,2,no,0,0
nurse,straight,garmin,lawnmower,1,yes,6,2
nurse,straight,garmin,lawnmower,1,no,7,2
nurse,straight,garmin,lawnmower,2,yes,2,1
nurse,straight,garmin,lawnmower,2,no,2,1
nurse,straight,garmin,figure8,1,yes,4,1
nurse,straight,garmin,figure8,1,no,3,1
nurse,straight,garmin,figure8,2,yes,5,1
nurse,straight,garmin,figure8,2,no,4,1
nurse,straight,sony,lawnmower,1,yes,8,2
nurse,straight,sony,lawnmower,1,no,9,2
nurse,straight,sony,lawnmower,2,yes,9,3
nurse,straight,sony,lawnmower,2,no,9,3
nurse,straight,sony,figure8,1,yes,0,0
nurse,straight,sony,figure8,1,no,0,0
nurse,straight,sony,figure8,2,yes,1,1
nurse,straight,sony,figure8,2,no,1,1
nurse,straight,nadir,lawnmower,1,yes,12,2
nurse,straight,nadir,lawnmower,1,no,10,2
nurse,straight,nadir,lawnmower,2,yes,7,2
nurse,straight,nadir,lawnmower,2,no,8,2
nurse,straight,nadir,figure8,1,yes,6,1
nurse,straight,nadir,figure8,1,no,6,1
nurse,straight,nadir,figure8,2,yes,5,1
nurse,straight,nadir,figure8,2,no,6,1
nurse,stop25,garmin,lawnmower,1,yes,6,2
nurse,stop25,garmin,lawnmower,1,no,6,2
nurse,stop25,garmin,lawnmower,2,yes,2,1
nurse,stop25,garmin,lawnmower,2,no,2,1
nurse,stop25,garmin,figure8,1,yes,4,1
nurse,stop25,garmin,figure8,1,no,4,1
nurse,stop25,garmin,figure8,2,yes,4,1
nurse,stop25,garmin,figure8,2,no,3,1
nurse,stop25,sony,lawnmower,1,yes,8,2
nurse,stop25,sony,lawnmower,1,no,9,2
nurse,stop25,sony,lawnmower,2,yes,11,3
nurse,stop25,sony,lawnmower,2,no,10,3
nurse,stop25,sony,figure8,1,yes,0,0
nurse,stop25,sony,figure8,1,no,0,0
nurse,stop25,sony,figure8,2,yes,0,0
nurse,stop25,sony,figure8,2,no,0,0
nurse,stop25,nadir,lawnmower,1,yes,10,2
nurse,stop25,nadir,lawnmower,1,no,12,2
nurse,stop25,nadir,lawnmower,2,yes,7,2
nurse,stop25,nadir,lawnmower,2,no,7,2
nurse,stop25,nadir,figure8,1,yes,5,1
nurse,stop25,nadir,figure8,1,no,5,1
nurse,stop25,nadir,figure8,2,yes,5,1
nurse,stop25,nadir,figure8,2,no,6,1
nurse,stop50,garmin,lawnmower,1,yes,7,2
nurse,stop50,garmin,lawnmower,1,no,7,2
nurse,stop50,garmin,lawnmower,2,yes,2,1
nurse,stop50,garmin,lawnmower,2,no,2,1
nurse,stop50,garmin,figure8,1,yes,3,1
nurse,stop50,garmin,figure8,1,no,3,1
nurse,stop50,garmin,figure8,2,yes,3,1
nurse,stop50,garmin,figure8,2,no,4,1
nurse,stop50,sony,lawnmower,1,yes,8,2
nurse,stop50,sony,lawnmower,1,no,8,2
nurse,stop50,sony,lawnmower,2,yes,9,3
nurse,stop50,sony,lawnmower,2,no,10,3
nurse,stop50,sony,figure8,1,yes,0,0
nurse,stop50,sony,figure8,1,no,0,0
nurse,stop50,sony,figure8,2,yes,1,1
nurse,stop50,sony,figure8,2,no,0,0
nurse,stop50,nadir,lawnmower,1,yes,12,2
nurse,stop50,nadir,lawnmower,1,no,12,2
nurse,stop50,nadir,lawnmower,2,yes,7,2
nurse,stop50,nadir,lawnmower,2,no,8,2
nurse,stop50,nadir,figure8,1,yes,5,1
nurse,stop50,nadir,figure8,1,no,6,1
nurse,stop50,nadir,figure8,2,yes,6,1
nurse,stop50,nadir,figure8,2,no,5,1
nurse,stop75,garmin,lawnmower,1,yes,6,2
nurse,stop75,garmin,lawnmower,1,no,5,2
nurse,stop75,garmin,lawnmower,2,yes,2,1
nurse,stop75,garmin,lawnmower,2,no,1,1
nurse,stop75,garmin,figure8,1,yes,4,1
nurse,stop75,garmin,figure8,1,no,4,1
nurse,stop75,garmin,figure8,2,yes,4,1
nurse,stop75,garmin,figure8,2,no,3,1
nurse,stop75,sony,lawnmower,1,yes,10,2
nurse,stop75,sony,lawnmower,1,no,9,2
nurse,stop75,sony,lawnmower,2,yes,9,3
nurse,stop75,sony,lawnmower,2,no,9,3
nurse,stop75,sony,figure8,1,yes,0,0
nurse,stop75,sony,figure8,1,no,0,0
nurse,stop75,sony,figure8,2,yes,1,1
nurse,stop75,sony,figure8,2,no,0,0
nurse,stop75,nadir,lawnmower,1,yes,11,2
nurse,stop75,nadir,lawnmower,1,no,12,2
nurse,stop75,nadir,lawnmower,2,yes,6,2
nurse,stop75,nadir,lawnmower,2,no,6,2
nurse,stop75,nadir,figure8,1,yes,6,1
nurse,stop75,nadir,figure8,1,no,5,1
nurse,stop75,nadir,figure8,2,yes,5,1
nurse,stop75,nadir,figure8,2,no,5,1
nurse,random60,garmin,lawnmower,1,yes,0,0
nurse,random60,garmin,lawnmower,1,no,0,0
nurse,random60,garmin,lawnmower,2,yes,0,0
nurse,random60,garmin,lawnmower,2,no,0,0
nurse,random60,garmin,figure8,1,yes,0,0
nurse,random60,garmin,figure8,1,no,0,0
nurse,random60,garmin,figure8,2,yes,0,0
nurse,random60,garmin,figure8,2,no,0,0
nurse,random60,sony,lawnmower,1,yes,0,0
nurse,random60,sony,lawnmower,1,no,0,0
nurse,random60,sony,lawnmower,2,yes,0,0
nurse,random60,sony,lawnmower,2,no,0,0
nurse,random60,sony,figure8,1,yes,0,0
nurse,random60,sony,figure8,1,no,0,0
nurse,random60,sony,figure8,2,yes,0,0
nurse,random60,sony,figure8,2,no,0,0
nurse,random60,nadir,lawnmower,1,yes,0,0
nurse,random60,nadir,lawnmower,1,no,0,0
nurse,random60,nadir,lawnmower,2,yes,0,0
nurse,random60,nadir,lawnmower,2,no,0,0
nurse,random60,nadir,figure8,1,yes,0,0
nurse,random60,nadir,figure8,1,no,0,0
nurse,random60,nadir,figure8,2,yes,0,0
nurse,random60,nadir,figure8,2,no,0,0
nurse,random120,garmin,lawnmower,1,yes,0,0
nurse,random120,garmin,lawnmower,1,no,0,0
nurse,random120,garmin,lawnmower,2,yes,0,0
nurse,random120,garmin,lawnmower,2,no,0,0
nurse,random120,garmin,figure8,1,yes,0,0
nurse,random120,garmin,figure8,1,no,0,0
nurse,random120,garmin,figure8,2,yes,0,0
nurse,random120,garmin,figure8,2,no,0,0
nurse,random120,sony,lawnmower,1,yes,0,0
nurse,random120,sony,lawnmower,1,no,0,0
nurse,random120,sony,lawnmower,2,yes,0,0
nurse,random120,sony,lawnmower,2,no,0,0
nurse,random120,sony,figure8,1,yes,0,0
nurse,random120,sony,figure8,1,no,0,0
nurse,random120,sony,figure8,2,yes,0,0
nurse,random120,sony,figure8,2,no,0,0
nurse,random120,nadir,lawnmower,1,yes,0,0
nurse,random120,nadir,lawnmower,1,no,0,0
nurse,random120,nadir,lawnmower,2,yes,0,0
nurse,random120,nadir,lawnmower,2,no,0,0
nurse,random120,nadir,figure8,1,yes,0,0
nurse,random120,nadir,figure8,1,no,0,0
nurse,random120,nadir,figure8,2,yes,0,0
nurse,random120,nadir,figure8,2,no,0,0
nurse,random180,garmin,lawnmower,1,yes,0,0
nurse,random180,garmin,lawnmower,1,no,0,0
nurse,random180,garmin,lawnmower,2,yes,0,0
nurse,random180,garmin,lawnmower,2,no,0,0
nurse,random180,garmin,figure8,1,yes,0,0
nurse,random180,garmin,figure8,1,no,0,0
nurse,random180,garmin,figure8,2,yes,0,0
nurse,random180,garmin,figure8,2,no,0,0
nurse,random180,sony,lawnmower,1,yes,0,0
nurse,random180,sony,lawnmower,1,no,0,0
nurse,random180,sony,lawnmower,2,yes,0,0
nurse,random180,sony,lawnmower,2,no,0,0
nurse,random180,sony,figure8,1,yes,0,0
nurse,random180,sony,figure8,1,no,0,0
nurse,random180,sony,figure8,2,yes,0,0
nurse,random180,sony,figure8,2,no,0,0
nurse,random180,nadir,lawnmower,1,yes,0,0
nurse,random180,nadir,lawnmower,1,no,0,0
nurse,random180,nadir,lawnmower,2,yes,0,0
nurse,random180,nadir,lawnmower,2,no,0,0
nurse,random180,nadir,figure8,1,yes,0,0
nurse,random180,nadir,figure8,1,no,0,0
nurse,random180,nadir,figure8,2,yes,0,0
nurse,random180,nadir,figure8,2,no,0,0
whale_shark,straight,garmin,lawnmower,1,yes,9,2
whale_shark,straight,garmin,lawnmower,1,no,9,2
whale_shark,straight,garmin,lawnmower,2,yes,7,2
whale_shark,straight,garmin,lawnmower,2,no,8,2
whale_shark,straight,garmin,figure8,1,yes,0,0
whale_shark,straight,garmin,figure8,1,no,0,0
whale_shark,straight,garmin,figure8,2,yes,0,0
whale_shark,straight,garmin,figure8,2,no,0,0
whale_shark,straight,sony,lawnmower,1,yes,0,0
whale_shark,straight,sony,lawnmower,1,no,0,0
whale_shark,straight,sony,lawnmower,2,yes,0,0
whale_shark,straight,sony,lawnmower,2,no,0,0
whale_shark,straight,sony,figure8,1,yes,0,0
whale_shark,straight,sony,figure8,1,no,0,0
whale_shark,straight,sony,figure8,2,yes,0,0
whale_shark,straight,sony,figure8,2,no,0,0
whale_shark,straight,nadir,lawnmower,1,yes,12,2
whale_shark,straight,nadir,lawnmower,1,no,12,2
whale_shark,straight,nadir,lawnmower,2,yes,12,2
whale_shark,straight,nadir,lawnmower,2,no,11,2
whale_shark,straight,nadir,figure8,1,yes,0,0
whale_shark,straight,nadir,figure8,1,no,0,0
whale_shark,straight,nadir,figure8,2,yes,0,0
whale_shark,straight,nadir,figure8,2,no,0,0
whale_shark,stop25,garmin,lawnmower,1,yes,9,2
whale_shark,stop25,garmin,lawnmower,1,no,9,2
whale_shark,stop25,garmin,lawnmower,2,yes,7,2
whale_shark,stop25,garmin,lawnmower,2,no,8,2
whale_shark,stop25,garmin,figure8,1,yes,0,0
whale_shark,stop25,garmin,figure8,1,no,0,0
whale_shark,stop25,garmin,figure8,2,yes,0,0
whale_shark,stop25,garmin,figure8,2,no,0,0
whale_shark,stop25,sony,lawnmower,1,yes,0,0
whale_shark,stop25,sony,lawnmower,1,no,0,0
whale_shark,stop25,sony,lawnmower,2,yes,0,0
whale_shark,stop25,sony,lawnmower,2,no,0,0
whale_shark,stop25,sony,figure8,1,yes,0,0
whale_shark,stop25,sony,figure8,1,no,0,0
whale_shark,stop25,sony,figure8,2,yes,0,0
whale_shark,stop25,sony,figure8,2,no,0,0
whale_shark,stop25,nadir,lawnmower,1,yes,12,2
whale_shark,stop25,nadir,lawnmower,1,no,12,2
whale_shark,stop25,nadir,lawnmower,2,yes,11,2
whale_shark,stop25,nadir,lawnmower,2,no,12,2
whale_shark,stop25,nadir,figure8,1,yes,0,0
whale_shark,stop25,nadir,figure8,1,no,0,0
whale_shark,stop25,nadir,figure8,2,yes,0,0
whale_shark,stop25,nadir,figure8,2,no,0,0
whale_shark,stop50,garmin,lawnmower,1,yes,9,2
whale_shark,stop50,garmin,lawnmower,1,no,8,2
whale_shark,stop50,garmin,lawnmower,2,yes,7,2
whale_shark,stop50,garmin,lawnmower,2,no,9,2
whale_shark,stop50,garmin,figure8,1,yes,0,0
whale_shark,stop50,garmin,figure8,1,no,0,0
whale_shark,stop50,garmin,figure8,2,yes,0,0
whale_shark,stop50,garmin,figure8,2,no,0,0
whale_shark,stop50,sony,lawnmower,1,yes,0,0
whale_shark,stop50,sony,lawnmower,1,no,0,0
whale_shark,stop50,sony,lawnmower,2,yes,0,0
whale_shark,stop50,sony,lawnmower,2,no,0,0
whale_shark,stop50,sony,figure8,1,yes,0,0
whale_shark,stop50,sony,figure8,1,no,0,0
whale_shark,stop50,sony,figure8,2,yes,0,0
whale_shark,stop50,sony,figure8,2,no,0,0
whale_shark,stop50,nadir,lawnmower,1,yes,12,2
whale_shark,stop50,nadir,lawnmower,1,no,14,2
whale_shark,stop50,nadir,lawnmower,2,yes,12,2
whale_shark,stop50,nadir,lawnmower,2,no,11,2
whale_shark,stop50,nadir,figure8,1,yes,0,0
whale_shark,stop50,nadir,figure8,1,no,0,0
whale_shark,stop50,nadir,figure8,2,yes,0,0
whale_shark,stop50,nadir,figure8,2,no,0,0
whale_shark,stop75,garmin,lawnmower,1,yes,8,2
whale_shark,stop75,garmin,lawnmower,1,no,9,2
whale_shark,stop75,garmin,lawnmower,2,yes,7,2
whale_shark,stop75,garmin,lawnmower,2,no,9,2
whale_shark,stop75,garmin,figure8,1,yes,0,0
whale_shark,stop75,garmin,figure8,1,no,0,0
whale_shark,stop75,garmin,figure8,2,yes,0,0
whale_shark,stop75,garmin,figure8,2,no,0,0
whale_shark,stop75,sony,lawnmower,1,yes,0,0
whale_shark,stop75,sony,lawnmower,1,no,0,0
whale_shark,stop75,sony,lawnmower,2,yes,0,0
whale_shark,stop75,sony,lawnmower,2,no,0,0
whale_shark,stop75,sony,figure8,1,yes,0,0
whale_shark,stop75,sony,figure8,1,no,0,0
whale_shark,stop75,sony,figure8,2,yes,0,0
whale_shark,stop75,sony,figure8,2,no,0,0
whale_shark,stop75,nadir,lawnmower,1,yes,13,2
whale_shark,stop75,nadir,lawnmower,1,no,12,2
whale_shark,stop75,nadir,lawnmower,2,yes,10,2
whale_shark,stop75,nadir,lawnmower,2,no,13,2
whale_shark,stop75,nadir,figure8,1,yes,0,0
whale_shark,stop75,nadir,figure8,1,no,0,0
whale_shark,stop75,nadir,figure8,2,yes,0,0
whale_shark,stop75,nadir,figure8,2,no,0,0
whale_shark,random60,garmin,lawnmower,1,yes,0,0
whale_shark,random60,garmin,lawnmower,1,no,0,0
whale_shark,random60,garmin,lawnmower,2,yes,0,0
whale_shark,random60,garmin,lawnmower,2,no,0,0
whale_shark,random60,garmin,figure8,1,yes,0,0
whale_shark,random60,garmin,figure8,1,no,0,0
whale_shark,random60,garmin,figure8,2,yes,0,0
whale_shark,random60,garmin,figure8,2,no,0,0
whale_shark,random60,sony,lawnmower,1,yes,0,0
whale_shark,random60,sony,lawnmower,1,no,0,0
whale_shark,random60,sony,lawnmower,2,yes,0,0
whale_shark,random60,sony,lawnmower,2,no,0,0
whale_shark,random60,sony,figure8,1,yes,0,0
whale_shark,random60,sony,figure8,1,no,0,0
whale_shark,random60,sony,figure8,2,yes,0,0
whale_shark,random60,sony,figure8,2,no,0,0
whale_shark,random60,nadir,lawnmower,1,yes,0,0
whale_shark,random60,nadir,lawnmower,1,no,0,0
whale_shark,random60,nadir,lawnmower,2,yes,0,0
whale_shark,random60,nadir,lawnmower,2,no,0,0
whale_shark,random60,nadir,figure8,1,yes,0,0
whale_shark,random60,nadir,figure8,1,no,0,0
whale_shark,random60,nadir,figure8,2,yes,0,0
whale_shark,random60,nadir,figure8,2,no,0,0
whale_shark,random120,garmin,lawnmower,1,yes,0,0
whale_shark,random120,garmin,lawnmower,1,no,0,0
whale_shark,random120,garmin,lawnmower,2,yes,0,0
whale_shark,random120,garmin,lawnmower,2,no,0,0
whale_shark,random120,garmin,figure8,1,yes,0,0
whale_shark,random120,garmin,figure8,1,no,0,0
whale_shark,random120,garmin,figure8,2,yes,0,0
whale_shark,random120,garmin,figure8,2,no,0,0
whale_shark,random120,sony,lawnmower,1,yes,0,0
whale_shark,random120,sony,lawnmower,1,no,0,0
whale_shark,random120,sony,lawnmower,2,yes,0,0
whale_shark,random120,sony,lawnmower,2,no,0,0
whale_shark,random120,sony,figure8,1,yes,0,0
whale_shark,random120,sony,figure8,1,no,0,0
whale_shark,random120,sony,figure8,2,yes,0,0
whale_shark,random120,sony,figure8,2,no,0,0
whale_shark,random120,nadir,lawnmower,1,yes,0,0
whale_shark,random120,nadir,lawnmower,1,no,0,0
whale_shark,random120,nadir,lawnmower,2,yes,0,0
whale_shark,random120,nadir,lawnmower,2,no,0,0
whale_shark,random120,nadir,figure8,1,yes,0,0
whale_shark,random120,nadir,figure8,1,no,0,0
whale_shark,random120,nadir,figure8,2,yes,0,0
whale_shark,random120,nadir,figure8,2,no,0,0
whale_shark,random180,garmin,lawnmower,1,yes,0,0
whale_shark,random180,garmin,lawnmower,1,no,0,0
whale_shark,random180,garmin,lawnmower,2,yes,0,0
whale_shark,random180,garmin,lawnmower,2,no,0,0
whale_shark,random180,garmin,figure8,1,yes,0,0
whale_shark,random180,garmin,figure8,1,no,0,0
whale_shark,random180,garmin,figure8,2,yes,0,0
whale_shark,random180,garmin,figure8,2,no,0,0
whale_shark,random180,sony,lawnmower,1,yes,0,0
whale_shark,random180,sony,lawnmower,1,no,0,0
whale_shark,random180,sony,lawnmower,2,yes,0,0
whale_shark,random180,sony,lawnmower,2,no,0,0
whale_shark,random180,sony,figure8,1,yes,0,0
whale_shark,random180,sony,figure8,1,no,0,0
whale_shark,random180,sony,figure8,2,yes,0,0
whale_shark,random180,sony,figure8,2,no,0,0
whale_shark,random180,nadir,lawnmower,1,yes,0,0
whale_shark,random180,nadir,lawnmower,1,no,0,0
whale_shark,random180,nadir,lawnmower,2,yes,0,0
whale_shark,random180,nadir,lawnmower,2,no,0,0
whale_shark,random180,nadir,figure8,1,yes,0,0
whale_shark,random180,nadir,figure8,1,no,0,0
whale_shark,random180,nadir,figure8,2,yes,0,0
whale_shark,random180,nadir,figure8,2,no,0,0
ray,straight,garmin,lawnmower,1,yes,0,0
ray,straight,garmin,lawnmower,1,no,0,0
ray,straight,garmin,lawnmower,2,yes,0,0
ray,straight,garmin,lawnmower,2,no,0,0
ray,straight,garmin,figure8,1,yes,0,0
ray,straight,garmin,figure8,1,no,0,0
ray,straight,garmin,figure8,2,yes,0,0
ray,straight,garmin,figure8,2,no,0,0
ray,straight,sony,lawnmower,1,yes,0,0
ray,straight,sony,lawnmower,1,no,0,0
ray,straight,sony,lawnmower,2,yes,0,0
ray,straight,sony,lawnmower,2,no,0,0
ray,straight,sony,figure8,1,yes,0,0
ray,straight,sony,figure8,1,no,0,0
ray,straight,sony,figure8,2,yes,0,0
ray,straight,sony,figure8,2,no,0,0
ray,straight,nadir,lawnmower,1,yes,0,0
ray,straight,nadir,lawnmower,1,no,0,0
ray,straight,nadir,lawnmower,2,yes,0,0
ray,straight,nadir,lawnmower,2,no,0,0
ray,straight,nadir,figure8,1,yes,0,0
ray,straight,nadir,figure8,1,no,0,0
ray,straight,nadir,figure8,2,yes,0,0
ray,straight,nadir,figure8,2,no,0,0
ray,stop25,garmin,lawnmower,1,yes,0,0
ray,stop25,garmin,lawnmower,1,no,0,0
ray,stop25,garmin,lawnmower,2,yes,0,0
ray,stop25,garmin,lawnmower,2,no,0,0
ray,stop25,garmin,figure8,1,yes,0,0
ray,stop25,garmin,figure8,1,no,0,0
ray,stop25,garmin,figure8,2,yes,0,0
ray,stop25,garmin,figure8,2,no,0,0
ray,stop25,sony,lawnmower,1,yes,0,0
ray,stop25,sony,lawnmower,1,no,0,0
ray,stop25,sony,lawnmower,2,yes,0,0
ray,stop25,sony,lawnmower,2,no,0,0
ray,stop25,sony,figure8,1,yes,0,0
ray,stop25,sony,figure8,1,no,0,0
ray,stop25,sony,figure8,2,yes,0,0
ray,stop25,sony,figure8,2,no,0,0
ray,stop25,nadir,lawnmower,1,yes,0,0
ray,stop25,nadir,lawnmower,1,no,0,0
ray,stop25,nadir,lawnmower,2,yes,0,0
ray,stop25,nadir,lawnmower,2,no,0,0
ray,stop25,nadir,figure8,1,yes,0,0
ray,stop25,nadir,figure8,1,no,0,0
ray,stop25,nadir,figure8,2,yes,0,0
ray,stop25,nadir,figure8,2,no,0,0
ray,stop50,garmin,lawnmower,1,yes,0,0
ray,stop50,garmin,lawnmower,1,no,0,0
ray,stop50,garmin,lawnmower,2,yes,0,0
ray,stop50,garmin,lawnmower,2,no,0,0
ray,stop50,garmin,figure8,1,yes,0,0
ray,stop50,garmin,figure8,1,no,0,0
ray,stop50,garmin,figure8,2,yes,0,0
ray,stop50,garmin,figure8,2,no,0,0
ray,stop50,sony,lawnmower,1,yes,0,0
ray,stop50,sony,lawnmower,1,no,0,0
ray,stop50,sony,lawnmower,2,yes,0,0
ray,stop50,sony,lawnmower,2,no,0,0
ray,stop50,sony,figure8,1,yes,0,0
ray,stop50,sony,figure8,1,no,0,0
ray,stop50,sony,figure8,2,yes,0,0
ray,stop50,sony,figure8,2,no,0,0
ray,stop50,nadir,lawnmower,1,yes,0,0
ray,stop50,nadir,lawnmower,1,no,0,0
ray,stop50,nadir,lawnmower,2,yes,0,0
ray,stop50,nadir,lawnmower,2,no,0,0
ray,stop50,nadir,figure8,1,yes,0,0
ray,stop50,nadir,figure8,1,no,0,0
ray,stop50,nadir,figure8,2,yes,0,0
ray,stop50,nadir,figure8,2,no,0,0
ray,stop75,garmin,lawnmower,1,yes,0,0
ray,stop75,garmin,lawnmower,1,no,0,0
ray,stop75,garmin,lawnmower,2,yes,0,0
ray,stop75,garmin,lawnmower,2,no,0,0
ray,stop75,garmin,figure8,1,yes,0,0
ray,stop75,garmin,figure8,1,no,0,0
ray,stop75,garmin,figure8,2,yes,0,0
ray,stop75,garmin,figure8,2,no,0,0
ray,stop75,sony,lawnmower,1,yes,0,0
ray,stop75,sony,lawnmower,1,no,0,0
ray,stop75,sony,lawnmower,2,yes,0,0
ray,stop75,sony,lawnmower,2,no,0,0
ray,stop75,sony,figure8,1,yes,0,0
ray,stop75,sony,figure8,1,no,0,0
ray,stop75,sony,figure8,2,yes,0,0
ray,stop75,sony,figure8,2,no,0,0
ray,stop75,nadir,lawnmower,1,yes,0,0
ray,stop75,nadir,lawnmower,1,no,0,0
ray,stop75,nadir,lawnmower,2,yes,0,0
ray,stop75,nadir,lawnmower,2,no,0,0
ray,stop75,nadir,figure8,1,yes,0,0
ray,stop75,nadir,figure8,1,no,0,0
ray,stop75,nadir,figure8,2,yes,0,0
ray,stop75,nadir,figure8,2,no,0,0
ray,random60,garmin,lawnmower,1,yes,0,0
ray,random60,garmin,lawnmower,1,no,0,0
ray,random60,garmin,lawnmower,2,yes,0,0
ray,random60,garmin,lawnmower,2,no,0,0
ray,random60,garmin,figure8,1,yes,0,0
ray,random60,garmin,figure8,1,no,0,0
ray,random60,garmin,figure8,2,yes,0,0
ray,random60,garmin,figure8,2,no,0,0
ray,random60,sony,lawnmower,1,yes,0,0
ray,random60,sony,lawnmower,1,no,0,0
ray,random60,sony,lawnmower,2,yes,0,0
ray,random60,sony,lawnmower,2,no,0,0
ray,random60,sony,figure8,1,yes,0,0
ray,random60,sony,figure8,1,no,0,0
ray,random60,sony,figure8,2,yes,0,0
ray,random60,sony,figure8,2,no,0,0
ray,random60,nadir,lawnmower,1,yes,0,0
ray,random60,nadir,lawnmower,1,no,0,0
ray,random60,nadir,lawnmower,2,yes,0,0
ray,random60,nadir,lawnmower,2,no,0,0
ray,random60,nadir,figure8,1,yes,0,0
ray,random60,nadir,figure8,1,no,0,0
ray,random60,nadir,figure8,2,yes,0,0
ray,random60,nadir,figure8,2,no,0,0
ray,random120,garmin,lawnmower,1,yes,0,0
ray,random120,garmin,lawnmower,1,no,0,0
ray,random120,garmin,lawnmower,2,yes,0,0
ray,random120,garmin,lawnmower,2,no,0,0
ray,random120,garmin,figure8,1,yes,0,0
ray,random120,garmin,figure8,1,no,0,0
ray,random120,garmin,figure8,2,yes,0,0
ray,random120,garmin,figure8,2,no,0,0
ray,random120,sony,lawnmower,1,yes,0,0
ray,random120,sony,lawnmower,1,no,0,0
ray,random120,sony,lawnmower,2,yes,0,0
ray,random120,sony,lawnmower,2,no,0,0
ray,random120,sony,figure8,1,yes,0,0
ray,random120,sony,figure8,1,no,0,0
ray,random120,sony,figure8,2,yes,0,0
ray,random120,sony,figure8,2,no,0,0
ray,random120,nadir,lawnmower,1,yes,0,0
ray,random120,nadir,lawnmower,1,no,0,0
ray,random120,nadir,lawnmower,2,yes,0,0
ray,random120,nadir,lawnmower,2,no,0,0
ray,random120,nadir,figure8,1,yes,0,0
ray,random120,nadir,figure8,1,no,0,0
ray,random120,nadir,figure8,2,yes,0,0
ray,random120,nadir,figure8,2,no,0,0
ray,random180,garmin,lawnmower,1,yes,0,0
ray,random180,garmin,lawnmower,1,no,0,0
ray,random180,garmin,lawnmower,2,yes,0,0
ray,random180,garmin,lawnmower,2,no,0,0
ray,random180,garmin,figure8,1,yes,0,0
ray,random180,garmin,figure8,1,no,0,0
ray,random180,garmin,figure8,2,yes,0,0
ray,random180,garmin,figure8,2,no,0,0
ray,random180,sony,lawnmower,1,yes,0,0
ray,random180,sony,lawnmower,1,no,0,0
ray,random180,sony,lawnmower,2,yes,0,0
ray,random180,sony,lawnmower,2,no,0,0
ray,random180,sony,figure8,1,yes,0,0
ray,random180,sony,figure8,1,no,0,0
ray,random180,sony,figure8,2,yes,0,0
ray,random180,sony,figure8,2,no,0,0
ray,random180,nadir,lawnmower,1,yes,0,0
ray,random180,nadir,lawnmower,1,no,0,0
ray,random180,nadir,lawnmower,2,yes,0,0
ray,random180,nadir,lawnmower,2,no,0,0
ray,random180,nadir,figure8,1,yes,0,0
ray,random180,nadir,figure8,1,no,0,0
ray,random180,nadir,figure8,2,yes,0,0
ray,random180,nadir,figure8,2,no,0,0
manatee,straight,garmin,lawnmower,1,yes,8,2
manatee,straight,garmin,lawnmower,1,no,8,2
manatee,straight,garmin,lawnmower,2,yes,8,2
manatee,straight,garmin,lawnmower,2,no,7,2
manatee,straight,garmin,figure8,1,yes,0,0
manatee,straight,garmin,figure8,1,no,0,0
manatee,straight,garmin,figure8,2,yes,0,0
manatee,straight,garmin,figure8,2,no,0,0
manatee,straight,sony,lawnmower,1,yes,0,0
manatee,straight,sony,lawnmower,1,no,0,0
manatee,straight,sony,lawnmower,2,yes,0,0
manatee,straight,sony,lawnmower,2,no,0,0
manatee,straight,sony,figure8,1,yes,0,0
manatee,straight,sony,figure8,1,no,0,0
manatee,straight,sony,figure8,2,yes,0,0
manatee,straight,sony,figure8,2,no,0,0
manatee,straight,nadir,lawnmower,1,yes,12,2
manatee,straight,nadir,lawnmower,1,no,9,2
manatee,straight,nadir,lawnmower,2,yes,12,2
manatee,straight,nadir,lawnmower,2,no,12,2
manatee,straight,nadir,figure8,1,yes,0,0
manatee,straight,nadir,figure8,1,no,0,0
manatee,straight,nadir,figure8,2,yes,0,0
manatee,straight,nadir,figure8,2,no,0,0
manatee,stop25,garmin,lawnmower,1,yes,6,2
manatee,stop25,garmin,lawnmower,1,no,6,2
manatee,stop25,garmin,lawnmower,2,yes,7,2
manatee,stop25,garmin,lawnmower,2,no,8,2
manatee,stop25,garmin,figure8,1,yes,0,0
manatee,stop25,garmin,figure8,1,no,0,0
manatee,stop25,garmin,figure8,2,yes,0,0
manatee,stop25,garmin,figure8,2,no,0,0
manatee,stop25,sony,lawnmower,1,yes,0,0
manatee,stop25,sony,lawnmower,1,no,0,0
manatee,stop25,sony,lawnmower,2,yes,0,0
manatee,stop25,sony,lawnmower,2,no,0,0
manatee,stop25,sony,figure8,1,yes,0,0
manatee,stop25,sony,figure8,1,no,0,0
manatee,stop25,sony,figure8,2,yes,0,0
manatee,stop25,sony,figure8,2,no,0,0
manatee,stop25,nadir,lawnmower,1,yes,9,2
manatee,stop25,nadir,lawnmower,1,no,10,2
manatee,stop25,nadir,lawnmower,2,yes,11,2
manatee,stop25,nadir,lawnmower,2,no,11,2
manatee,stop25,nadir,figure8,1,yes,0,0
manatee,stop25,nadir,figure8,1,no,0,0
manatee,stop25,nadir,figure8,2,yes,0,0
manatee,stop25,nadir,figure8,2,no,0,0
manatee,stop50,garmin,lawnmower,1,yes,7,2
manatee,stop50,garmin,lawnmower,1,no,8,2
manatee,stop50,garmin,lawnmower,2,yes,8,2
manatee,stop50,garmin,lawnmower,2,no,8,2
manatee,stop50,garmin,figure8,1,yes,0,0
manatee,stop50,garmin,figure8,1,no,0,0
manatee,stop50,garmin,figure8,2,yes,0,0
manatee,stop50,garmin,figure8,2,no,0,0
manatee,stop50,sony,lawnmower,1,yes,0,0
manatee,stop50,sony,lawnmower,1,no,0,0
manatee,stop50,sony,lawnmower,2,yes,0,0
manatee,stop50,sony,lawnmower,2,no,0,0
manatee,stop50,sony,figure8,1,yes,0,0
manatee,stop50,sony,figure8,1,no,0,0
manatee,stop50,sony,figure8,2,yes,0,0
manatee,stop50,sony,figure8,2,no,0,0
manatee,stop50,nadir,lawnmower,1,yes,9,2
manatee,stop50,nadir,lawnmower,1,no,12,2
manatee,stop50,nadir,lawnmower,2,yes,11,2
manatee,stop50,nadir,lawnmower,2,no,11,2
manatee,stop50,nadir,figure8,1,yes,0,0
manatee,stop50,nadir,figure8,1,no,0,0
manatee,stop50,nadir,figure8,2,yes,0,0
manatee,stop50,nadir,figure8,2,no,0,0
manatee,stop75,garmin,lawnmower,1,yes,7,2
manatee,stop75,garmin,lawnmower,1,no,5,2
manatee,stop75,garmin,lawnmower,2,yes,7,2
manatee,stop75,garmin,lawnmower,2,no,9,2
manatee,stop75,garmin,figure8,1,yes,0,0
manatee,stop75,garmin,figure8,1,no,0,0
manatee,stop75,garmin,figure8,2,yes,0,0
manatee,stop75,garmin,figure8,2,no,0,0
manatee,stop75,sony,lawnmower,1,yes,0,0
manatee,stop75,sony,lawnmower,1,no,0,0
manatee,stop75,sony,lawnmower,2,yes,0,0
manatee,stop75,sony,lawnmower,2,no,0,0
manatee,stop75,sony,figure8,1,yes,0,0
manatee,stop75,sony,figure8,1,no,0,0
manatee,stop75,sony,figure8,2,yes,0,0
manatee,stop75,sony,figure8,2,no,0,0
manatee,stop75,nadir,lawnmower,1,yes,9,2
manatee,stop75,nadir,lawnmower,1,no,10,2
manatee,stop75,nadir,lawnmower,2,yes,12,2
manatee,stop75,nadir,lawnmower,2,no,11,2
manatee,stop75,nadir,figure8,1,yes,0,0
manatee,stop75,nadir,figure8,1,no,0,0
manatee,stop75,nadir,figure8,2,yes,0,0
manatee,stop75,nadir,figure8,2,no,0,0
manatee,random60,garmin,lawnmower,1,yes,0,0
manatee,random60,garmin,lawnmower,1,no,0,0
manatee,random60,garmin,lawnmower,2,yes,0,0
manatee,random60,garmin,lawnmower,2,no,0,0
manatee,random60,garmin,figure8,1,yes,0,0
manatee,random60,garmin,figure8,1,no,0,0
manatee,random60,garmin,figure8,2,yes,0,0
manatee,random60,garmin,figure8,2,no,0,0
manatee,random60,sony,lawnmower,1,yes,0,0
manatee,random60,sony,lawnmower,1,no,0,0
manatee,random60,sony,lawnmower,2,yes,0,0
manatee,random60,sony,lawnmower,2,no,0,0
manatee,random60,sony,figure8,1,yes,0,0
manatee,random60,sony,figure8,1,no,0,0
manatee,random60,sony,figure8,2,yes,0,0
manatee,random60,sony,figure8,2,no,0,0
manatee,random60,nadir,lawnmower,1,yes,0,0
manatee,random60,nadir,lawnmower,1,no,0,0
manatee,random60,nadir,lawnmower,2,yes,0,0
manatee,random60,nadir,lawnmower,2,no,0,0
manatee,random60,nadir,figure8,1,yes,0,0
manatee,random60,nadir,figure8,1,no,0,0
manatee,random60,nadir,figure8,2,yes,0,0
manatee,random60,nadir,figure8,2,no,0,0
manatee,random120,garmin,lawnmower,1,yes,0,0
manatee,random120,garmin,lawnmower,1,no,0,0
manatee,random120,garmin,lawnmower,2,yes,0,0
manatee,random120,garmin,lawnmower,2,no,0,0
manatee,random120,garmin,figure8,1,yes,0,0
manatee,random120,garmin,figure8,1,no,0,0
manatee,random120,garmin,figure8,2,yes,0,0
manatee,random120,garmin,figure8,2,no,0,0
manatee,random120,sony,lawnmower,1,yes,0,0
manatee,random120,sony,lawnmower,1,no,0,0
manatee,random120,sony,lawnmower,2,yes,0,0
manatee,random120,sony,lawnmower,2,no,0,0
manatee,random120,sony,figure8,1,yes,0,0
manatee,random120,sony,figure8,1,no,0,0
manatee,random120,sony,figure8,2,yes,0,0
manatee,random120,sony,figure8,2,no,0,0
manatee,random120,nadir,lawnmower,1,yes,0,0
manatee,random120,nadir,lawnmower,1,no,0,0
manatee,random120,nadir,lawnmower,2,yes,0,0
manatee,random120,nadir,lawnmower,2,no,0,0
manatee,random120,nadir,figure8,1,yes,0,0
manatee,random120,nadir,figure8,1,no,0,0
manatee,random120,nadir,figure8,2,yes,0,0
manatee,random120,nadir,figure8,2,no,0,0
manatee,random180,garmin,lawnmower,1,yes,0,0
manatee,random180,garmin,lawnmower,1,no,0,0
manatee,random180,garmin,lawnmower,2,yes,0,0
manatee,random180,garmin,lawnmower,2,no,0,0
manatee,random180,garmin,figure8,1,yes,0,0
manatee,random180,garmin,figure8,1,no,0,0
manatee,random180,garmin,figure8,2,yes,0,0
manatee,random180,garmin,figure8,2,no,0,0
manatee,random180,sony,lawnmower,1,yes,0,0
manatee,random180,sony,lawnmower,1,no,0,0
manatee,random180,sony,lawnmower,2,yes,0,0
manatee,random180,sony,lawnmower,2,no,0,0
manatee,random180,sony,figure8,1,yes,0,0
manatee,random180,sony,figure8,1,no,0,0
manatee,random180,sony,figure8,2,yes,0,0
manatee,random180,sony,figure8,2,no,0,0
manatee,random180,nadir,lawnmower,1,yes,0,0
manatee,random180,nadir,lawnmower,1,no,0,0
manatee,random180,nadir,lawnmower,2,yes,0,0
manatee,random180,nadir,lawnmower,2,no,0,0
manatee,random180,nadir,figure8,1,yes,0,0
manatee,random180,nadir,figure8,1,no,0,0
manatee,random180,nadir,figure8,2,yes,0,0
manatee,random180,nadir,figure8,2,no,0,0
booby,straight,garmin,lawnmower,1,yes,0,0
booby,straight,garmin,lawnmower,1,no,0,0
booby,straight,garmin,lawnmower,2,yes,0,0
booby,straight,garmin,lawnmower,2,no,0,0
booby,straight,garmin,figure8,1,yes,0,0
booby,straight,garmin,figure8,1,no,0,0
booby,straight,garmin,figure8,2,yes,0,0
booby,straight,garmin,figure8,2,no,0,0
booby,straight,sony,lawnmower,1,yes,0,0
booby,straight,sony,lawnmower,1,no,0,0
booby,straight,sony,lawnmower,2,yes,0,0
booby,straight,sony,lawnmower,2,no,0,0
booby,straight,sony,figure8,1,yes,0,0
booby,straight,sony,figure8,1,no,0,0
booby,straight,sony,figure8,2,yes,0,0
booby,straight,sony,figure8,2,no,0,0
booby,straight,nadir,lawnmower,1,yes,0,0
booby,straight,nadir,lawnmower,1,no,0,0
booby,straight,nadir,lawnmower,2,yes,0,0
booby,straight,nadir,lawnmower,2,no,0,0
booby,straight,nadir,figure8,1,yes,0,0
booby,straight,nadir,figure8,1,no,0,0
booby,straight,nadir,figure8,2,yes,0,0
booby,straight,nadir,figure8,2,no,0,0
booby,stop25,garmin,lawnmower,1,yes,0,0
booby,stop25,garmin,lawnmower,1,no,0,0
booby,stop25,garmin,lawnmower,2,yes,0,0
booby,stop25,garmin,lawnmower,2,no,0,0
booby,stop25,garmin,figure8,1,yes,0,0
booby,stop25,garmin,figure8,1,no,0,0
booby,stop25,garmin,figure8,2,yes,0,0
booby,stop25,garmin,figure8,2,no,0,0
booby,stop25,sony,lawnmower,1,yes,0,0
booby,stop25,sony,lawnmower,1,no,0,0
booby,stop25,sony,lawnmower,2,yes,0,0
booby,stop25,sony,lawnmower,2,no,0,0
booby,stop25,sony,figure8,1,yes,0,0
booby,stop25,sony,figure8,1,no,0,0
booby,stop25,sony,figure8,2,yes,0,0
booby,stop25,sony,figure8,2,no,0,0
booby,stop25,nadir,lawnmower,1,yes,0,0
booby,stop25,nadir,lawnmower,1,no,0,0
booby,stop25,nadir,lawnmower,2,yes,0,0
booby,stop25,nadir,lawnmower,2,no,0,0
booby,stop25,nadir,figure8,1,yes,0,0
booby,stop25,nadir,figure8,1,no,0,0
booby,stop25,nadir,figure8,2,yes,0,0
booby,stop25,nadir,figure8,2,no,0,0
booby,stop50,garmin,lawnmower,1,yes,0,0
booby,stop50,garmin,lawnmower,1,no,0,0
booby,stop50,garmin,lawnmower,2,yes,0,0
booby,stop50,garmin,lawnmower,2,no,0,0
booby,stop50,garmin,figure8,1,yes,0,0
booby,stop50,garmin,figure8,1,no,0,0
booby,stop50,garmin,figure8,2,yes,0,0
booby,stop50,garmin,figure8,2,no,0,0
booby,stop50,sony,lawnmower,1,yes,0,0
booby,stop50,sony,lawnmower,1,no,0,0
booby,stop50,sony,lawnmower,2,yes,0,0
booby,stop50,sony,lawnmower,2,no,0,0
booby,stop50,sony,figure8,1,yes,0,0
booby,stop50,sony,figure8,1,no,0,0
booby,stop50,sony,figure8,2,yes,0,0
booby,stop50,sony,figure8,2,no,0,0
booby,stop50,nadir,lawnmower,1,yes,0,0
booby,stop50,nadir,lawnmower,1,no,0,0
booby,stop50,nadir,lawnmower,2,yes,0,0
booby,stop50,nadir,lawnmower,2,no,0,0
booby,stop50,nadir,figure8,1,yes,0,0
booby,stop50,nadir,figure8,1,no,0,0
booby,stop50,nadir,figure8,2,yes,0,0
booby,stop50,nadir,figure8,2,no,0,0
booby,stop75,garmin,lawnmower,1,yes,0,0
booby,stop75,garmin,lawnmower,1,no,0,0
booby,stop75,garmin,lawnmower,2,yes,0,0
booby,stop75,garmin,lawnmower,2,no,0,0
booby,stop75,garmin,figure8,1,yes,0,0
booby,stop75,garmin,figure8,1,no,0,0
booby,stop75,garmin,figure8,2,yes,0,0
booby,stop75,garmin,figure8,2,no,0,0
booby,stop75,sony,lawnmower,1,yes,0,0
booby,stop75,sony,lawnmower,1,no,0,0
booby,stop75,sony,lawnmower,2,yes,0,0
booby,stop75,sony,lawnmower,2,no,0,0
booby,stop75,sony,figure8,1,yes,0,0
booby,stop75,sony,figure8,1,no,0,0
booby,stop75,sony,figure8,2,yes,0,0
booby,stop75,sony,figure8,2,no,0,0
booby,stop75,nadir,lawnmower,1,yes,0,0
booby,stop75,nadir,lawnmower,1,no,0,0
booby,stop75,nadir,lawnmower,2,yes,0,0
booby,stop75,nadir,lawnmower,2,no,0,0
booby,stop75,nadir,figure8,1,yes,0,0
booby,stop75,nadir,figure8,1,no,0,0
booby,stop75,nadir,figure8,2,yes,0,0
booby,stop75,nadir,figure8,2,no,0,0
booby,random60,garmin,lawnmower,1,yes,0,0
booby,random60,garmin,lawnmower,1,no,0,0
booby,random60,garmin,lawnmower,2,yes,0,0
booby,random60,garmin,lawnmower,2,no,0,0
booby,random60,garmin,figure8,1,yes,0,0
booby,random60,garmin,figure8,1,no,0,0
booby,random60,garmin,figure8,2,yes,0,0
booby,random60,garmin,figure8,2,no,0,0
booby,random60,sony,lawnmower,1,yes,0,0
booby,random60,sony,lawnmower,1,no,0,0
booby,random60,sony,lawnmower,2,yes,0,0
booby,random60,sony,lawnmower,2,no,0,0
booby,random60,sony,figure8,1,yes,0,0
booby,random60,sony,figure8,1,no,0,0
booby,random60,sony,figure8,2,yes,0,0
booby,random60,sony,figure8,2,no,0,0
booby,random60,nadir,lawnmower,1,yes,4,1
booby,random60,nadir,lawnmower,1,no,4,1
booby,random60,nadir,lawnmower,2,yes,4,1
booby,random60,nadir,lawnmower,2,no,0,0
booby,random60,nadir,figure8,1,yes,0,0
booby,random60,nadir,figure8,1,no,0,0
booby,random60,nadir,figure8,2,yes,0,0
booby,random60,nadir,figure8,2,no,0,0
booby,random120,garmin,lawnmower,1,yes,8,2
booby,random120,garmin,lawnmower,1,no,3,1
booby,random120,garmin,lawnmower,2,yes,0,0
booby,random120,garmin,lawnmower,2,no,0,0
booby,random120,garmin,figure8,1,yes,0,0
booby,random120,garmin,figure8,1,no,0,0
booby,random120,garmin,figure8,2,yes,0,0
booby,random120,garmin,figure8,2,no,0,0
booby,random120,sony,lawnmower,1,yes,8,1
booby,random120,sony,lawnmower,1,no,3,1
booby,random120,sony,lawnmower,2,yes,0,0
booby,random120,sony,lawnmower,2,no,0,0
booby,random120,sony,figure8,1,yes,0,0
booby,random120,sony,figure8,1,no,0,0
booby,random120,sony,figure8,2,yes,0,0
booby,random120,sony,figure8,2,no,0,0
booby,random120,nadir,lawnmower,1,yes,0,0
booby,random120,nadir,lawnmower,1,no,0,0
booby,random120,nadir,lawnmower,2,yes,0,0
booby,random120,nadir,lawnmower,2,no,16,3
booby,random120,nadir,figure8,1,yes,0,0
booby,random120,nadir,figure8,1,no,0,0
booby,random120,nadir,figure8,2,yes,0,0
booby,random120,nadir,figure8,2,no,0,0
booby,random180,garmin,lawnmower,1,yes,0,0
booby,random180,garmin,lawnmower,1,no,0,0
booby,random180,garmin,lawnmower,2,yes,1,1
booby,random180,garmin,lawnmower,2,no,3,1
booby,random180,garmin,figure8,1,yes,0,0
booby,random180,garmin,figure8,1,no,0,0
booby,random180,garmin,figure8,2,yes,0,0
booby,random180,garmin,figure8,2,no,0,0
booby,random180,sony,lawnmower,1,yes,1,1
booby,random180,sony,lawnmower,1,no,11,2
booby,random180,sony,lawnmower,2,yes,3,1
booby,random180,sony,lawnmower,2,no,3,1
booby,random180,sony,figure8,1,yes,0,0
booby,random180,sony,figure8,1,no,0,0
booby,random180,sony,figure8,2,yes,0,0
booby,random180,sony,figure8,2,no,0,0
booby,random180,nadir,lawnmower,1,yes,0,0
booby,random180,nadir,lawnmower,1,no,2,1
booby,random180,nadir,lawnmower,2,yes,0,0
booby,random180,nadir,lawnmower,2,no,0,0
booby,random180,nadir,figure8,1,yes,0,0
booby,random180,nadir,figure8,1,no,0,0
booby,random180,nadir,figure8,2,yes,0,0
booby,random180,nadir,figure8,2,no,0,0
frigate,straight,garmin,lawnmower,1,yes,0,0
frigate,straight,garmin,lawnmower,1,no,0,0
frigate,straight,garmin,lawnmower,2,yes,0,0
frigate,straight,garmin,lawnmower,2,no,0,0
frigate,straight,garmin,figure8,1,yes,0,0
frigate,straight,garmin,figure8,1,no,0,0
frigate,straight,garmin,figure8,2,yes,0,0
frigate,straight,garmin,figure8,2,no,0,0
frigate,straight,sony,lawnmower,1,yes,0,0
frigate,straight,sony,lawnmower,1,no,0,0
frigate,straight,sony,lawnmower,2,yes,0,0
frigate,straight,sony,lawnmower,2,no,0,0
frigate,straight,sony,figure8,1,yes,0,0
frigate,straight,sony,figure8,1,no,0,0
frigate,straight,sony,figure8,2,yes,0,0
frigate,straight,sony,figure8,2,no,0,0
frigate,straight,nadir,lawnmower,1,yes,0,0
frigate,straight,nadir,lawnmower,1,no,0,0
frigate,straight,nadir,lawnmower,2,yes,0,0
frigate,straight,nadir,lawnmower,2,no,0,0
frigate,straight,nadir,figure8,1,yes,0,0
frigate,straight,nadir,figure8,1,no,0,0
frigate,straight,nadir,figure8,2,yes,0,0
frigate,straight,nadir,figure8,2,no,0,0
frigate,stop25,garmin,lawnmower,1,yes,0,0
frigate,stop25,garmin,lawnmower,1,no,0,0
frigate,stop25,garmin,lawnmower,2,yes,0,0
frigate,stop25,garmin,lawnmower,2,no,0,0
frigate,stop25,garmin,figure8,1,yes,0,0
frigate,stop25,garmin,figure8,1,no,0,0
frigate,stop25,garmin,figure8,2,yes,0,0
frigate,stop25,garmin,figure8,2,no,0,0
frigate,stop25,sony,lawnmower,1,yes,0,0
frigate,stop25,sony,lawnmower,1,no,0,0
frigate,stop25,sony,lawnmower,2,yes,0,0
frigate,stop25,sony,lawnmower,2,no,0,0
frigate,stop25,sony,figure8,1,yes,0,0
frigate,stop25,sony,figure8,1,no,0,0
frigate,stop25,sony,figure8,2,yes,0,0
frigate,stop25,sony,figure8,2,no,0,0
frigate,stop25,nadir,lawnmower,1,yes,0,0
frigate,stop25,nadir,lawnmower,1,no,0,0
frigate,stop25,nadir,lawnmower,2,yes,0,0
frigate,stop25,nadir,lawnmower,2,no,0,0
frigate,stop25,nadir,figure8,1,yes,0,0
frigate,stop25,nadir,figure8,1,no,0,0
frigate,stop25,nadir,figure8,2,yes,0,0
frigate,stop25,nadir,figure8,2,no,0,0
frigate,stop50,garmin,lawnmower,1,yes,0,0
frigate,stop50,garmin,lawnmower,1,no,0,0
frigate,stop50,garmin,lawnmower,2,yes,0,0
frigate,stop50,garmin,lawnmower,2,no,0,0
frigate,stop50,garmin,figure8,1,yes,0,0
frigate,stop50,garmin,figure8,1,no,0,0
frigate,stop50,garmin,figure8,2,yes,0,0
frigate,stop50,garmin,figure8,2,no,0,0
frigate,stop50,sony,lawnmower,1,yes,0,0
frigate,stop50,sony,lawnmower,1,no,0,0
frigate,stop50,sony,lawnmower,2,yes,0,0
frigate,stop50,sony,lawnmower,2,no,0,0
frigate,stop50,sony,figure8,1,yes,0,0
frigate,stop50,sony,figure8,1,no,0,0
frigate,stop50,sony,figure8,2,yes,0,0
frigate,stop50,sony,figure8,2,no,0,0
frigate,stop50,nadir,lawnmower,1,yes,0,0
frigate,stop50,nadir,lawnmower,1,no,0,0
frigate,stop50,nadir,lawnmower,2,yes,0,0
frigate,stop50,nadir,lawnmower,2,no,0,0
frigate,stop50,nadir,figure8,1,yes,0,0
frigate,stop50,nadir,figure8,1,no,0,0
frigate,stop50,nadir,figure8,2,yes,0,0
frigate,stop50,nadir,figure8,2,no,0,0
frigate,stop75,garmin,lawnmower,1,yes,0,0
frigate,stop75,garmin,lawnmower,1,no,0,0
frigate,stop75,garmin,lawnmower,2,yes,0,0
frigate,stop75,garmin,lawnmower,2,no,0,0
frigate,stop75,garmin,figure8,1,yes,0,0
frigate,stop75,garmin,figure8,1,no,0,0
frigate,stop75,garmin,figure8,2,yes,0,0
frigate,stop75,garmin,figure8,2,no,0,0
frigate,stop75,sony,lawnmower,1,yes,0,0
frigate,stop75,sony,lawnmower,1,no,0,0
frigate,stop75,sony,lawnmower,2,yes,0,0
frigate,stop75,sony,lawnmower,2,no,0,0
frigate,stop75,sony,figure8,1,yes,0,0
frigate,stop75,sony,figure8,1,no,0,0
frigate,stop75,sony,figure8,2,yes,0,0
frigate,stop75,sony,figure8,2,no,0,0
frigate,stop75,nadir,lawnmower,1,yes,0,0
frigate,stop75,nadir,lawnmower,1,no,0,0
frigate,stop75,nadir,lawnmower,2,yes,0,0
frigate,stop75,nadir,lawnmower,2,no,0,0
frigate,stop75,nadir,figure8,1,yes,0,0
frigate,stop75,nadir,figure8,1,no,0,0
frigate,stop75,nadir,figure8,2,yes,0,0
frigate,stop75,nadir,figure8,2,no,0,0
frigate,random60,garmin,lawnmower,1,yes,0,0
frigate,random60,garmin,lawnmower,1,no,0,0
frigate,random60,garmin,lawnmower,2,yes,0,0
frigate,random60,garmin,lawnmower,2,no,0,0
frigate,random60,garmin,figure8,1,yes,0,0
frigate,random60,garmin,figure8,1,no,0,0
frigate,random60,garmin,figure8,2,yes,0,0
frigate,random60,garmin,figure8,2,no,0,0
frigate,random60,sony,lawnmower,1,yes,0,0
frigate,random60,sony,lawnmower,1,no,0,0
frigate,random60,sony,lawnmower,2,yes,0,0
frigate,random60,sony,lawnmower,2,no,0,0
frigate,random60,sony,figure8,1,yes,0,0
frigate,random60,sony,figure8,1,no,0,0
frigate,random60,sony,figure8,2,yes,0,0
frigate,random60,sony,figure8,2,no,0,0
frigate,random60,nadir,lawnmower,1,yes,0,0
frigate,random60,nadir,lawnmower,1,no,0,0
frigate,random60,nadir,lawnmower,2,yes,0,0
frigate,random60,nadir,lawnmower,2,no,0,0
frigate,random60,nadir,figure8,1,yes,0,0
frigate,random60,nadir,figure8,1,no,0,0
frigate,random60,nadir,figure8,2,yes,0,0
frigate,random60,nadir,figure8,2,no,0,0
frigate,random120,garmin,lawnmower,1,yes,0,0
frigate,random120,garmin,lawnmower,1,no,0,0
frigate,random120,garmin,lawnmower,2,yes,0,0
frigate,random120,garmin,lawnmower,2,no,0,0
frigate,random120,garmin,figure8,1,yes,0,0
frigate,random120,garmin,figure8,1,no,0,0
frigate,random120,garmin,figure8,2,yes,0,0
frigate,random120,garmin,figure8,2,no,0,0
frigate,random120,sony,lawnmower,1,yes,4,1
frigate,random120,sony,lawnmower,1,no,0,0
frigate,random120,sony,lawnmower,2,yes,0,0
frigate,random120,sony,lawnmower,2,no,0,0
frigate,random120,sony,figure8,1,yes,0,0
frigate,random120,sony,figure8,1,no,0,0
frigate,random120,sony,figure8,2,yes,0,0
frigate,random120,sony,figure8,2,no,0,0
frigate,random120,nadir,lawnmower,1,yes,0,0
frigate,random120,nadir,lawnmower,1,no,0,0
frigate,random120,nadir,lawnmower,2,yes,0,0
frigate,random120,nadir,lawnmower,2,no,0,0
frigate,random120,nadir,figure8,1,yes,0,0
frigate,random120,nadir,figure8,1,no,0,0
frigate,random120,nadir,figure8,2,yes,0,0
frigate,random120,nadir,figure8,2,no,0,0
frigate,random180,garmin,lawnmower,1,yes,0,0
frigate,random180,garmin,lawnmower,1,no,0,0
frigate,random180,garmin,lawnmower,2,yes,0,0
frigate,random180,garmin,lawnmower,2,no,0,0
frigate,random180,garmin,figure8,1,yes,0,0
frigate,random180,garmin,figure8,1,no,0,0
frigate,random180,garmin,figure8,2,yes,0,0
frigate,random180,garmin,figure8,2,no,0,0
frigate,random180,sony,lawnmower,1,yes,0,0
frigate,random180,sony,lawnmower,1,no,0,0
frigate,random180,sony,lawnmower,2,yes,0,0
frigate,random180,sony,lawnmower,2,no,0,0
frigate,random180,sony,figure8,1,yes,0,0
frigate,random180,sony,figure8,1,no,0,0
frigate,random180,sony,figure8,2,yes,0,0
frigate,random180,sony,figure8,2,no,0,0
frigate,random180,nadir,lawnmower,1,yes,0,0
frigate,random180,nadir,lawnmower,1,no,0,0
frigate,random180,nadir,lawnmower,2,yes,0,0
frigate,random180,nadir,lawnmower,2,no,0,0
frigate,random180,nadir,figure8,1,yes,0,0
frigate,random180,nadir,figure8,1,no,0,0
frigate,random180,nadir,figure8,2,yes,0,0
frigate,random180,nadir,figure8,2,no,0,0
tern,straight,garmin,lawnmower,1,yes,0,0
tern,straight,garmin,lawnmower,1,no,0,0
tern,straight,garmin,lawnmower,2,yes,0,0
tern,straight,garmin,lawnmower,2,no,0,0
tern,straight,garmin,figure8,1,yes,0,0
tern,straight,garmin,figure8,1,no,0,0
tern,straight,garmin,figure8,2,yes,0,0
tern,straight,garmin,figure8,2,no,0,0
tern,straight,sony,lawnmower,1,yes,0,0
tern,straight,sony,lawnmower,1,no,0,0
tern,straight,sony,lawnmower,2,yes,0,0
tern,straight,sony,lawnmower,2,no,0,0
tern,straight,sony,figure8,1,yes,0,0
tern,straight,sony,figure8,1,no,0,0
tern,straight,sony,figure8,2,yes,0,0
tern,straight,sony,figure8,2,no,0,0
tern,straight,nadir,lawnmower,1,yes,0,0
tern,straight,nadir,lawnmower,1,no,0,0
tern,straight,nadir,lawnmower,2,yes,0,0
tern,straight,nadir,lawnmower,2,no,0,0
tern,straight,nadir,figure8,1,yes,0,0
tern,straight,nadir,figure8,1,no,0,0
tern,straight,nadir,figure8,2,yes,0,0
tern,straight,nadir,figure8,2,no,0,0
tern,stop25,garmin,lawnmower,1,yes,0,0
tern,stop25,garmin,lawnmower,1,no,0,0
tern,stop25,garmin,lawnmower,2,yes,0,0
tern,stop25,garmin,lawnmower,2,no,0,0
tern,stop25,garmin,figure8,1,yes,0,0
tern,stop25,garmin,figure8,1,no,0,0
tern,stop25,garmin,figure8,2,yes,0,0
tern,stop25,garmin,figure8,2,no,0,0
tern,stop25,sony,lawnmower,1,yes,0,0
tern,stop25,sony,lawnmower,1,no,0,0
tern,stop25,sony,lawnmower,2,yes,0,0
tern,stop25,sony,lawnmower,2,no,0,0
tern,stop25,sony,figure8,1,yes,0,0
tern,stop25,sony,figure8,1,no,0,0
tern,stop25,sony,figure8,2,yes,0,0
tern,stop25,sony,figure8,2,no,0,0
tern,stop25,nadir,lawnmower,1,yes,0,0
tern,stop25,nadir,lawnmower,1,no,0,0
tern,stop25,nadir,lawnmower,2,yes,0,0
tern,stop25,nadir,lawnmower,2,no,0,0
tern,stop25,nadir,figure8,1,yes,0,0
tern,stop25,nadir,figure8,1,no,0,0
tern,stop25,nadir,figure8,2,yes,0,0
tern,stop25,nadir,figure8,2,no,0,0
tern,stop50,garmin,lawnmower,1,yes,0,0
tern,stop50,garmin,lawnmower,1,no,0,0
tern,stop50,garmin,lawnmower,2,yes,0,0
tern,stop50,garmin,lawnmower,2,no,0,0
tern,stop50,garmin,figure8,1,yes,0,0
tern,stop50,garmin,figure8,1,no,0,0
tern,stop50,garmin,figure8,2,yes,0,0
tern,stop50,garmin,figure8,2,no,0,0
tern,stop50,sony,lawnmower,1,yes,0,0
tern,stop50,sony,lawnmower,1,no,0,0
tern,stop50,sony,lawnmower,2,yes,0,0
tern,stop50,sony,lawnmower,2,no,0,0
tern,stop50,sony,figure8,1,yes,0,0
tern,stop50,sony,figure8,1,no,0,0
tern,stop50,sony,figure8,2,yes,0,0
tern,stop50,sony,figure8,2,no,0,0
tern,stop50,nadir,lawnmower,1,yes,0,0
tern,stop50,nadir,lawnmower,1,no,0,0
tern,stop50,nadir,lawnmower,2,yes,0,0
tern,stop50,nadir,lawnmower,2,no,0,0
tern,stop50,nadir,figure8,1,yes,0,0
tern,stop50,nadir,figure8,1,no,0,0
tern,stop50,nadir,figure8,2,yes,0,0
tern,stop50,nadir,figure8,2,no,0,0
tern,stop75,garmin,lawnmower,1,yes,0,0
tern,stop75,garmin,lawnmower,1,no,0,0
tern,stop75,garmin,lawnmower,2,yes,0,0
tern,stop75,garmin,lawnmower,2,no,0,0
tern,stop75,garmin,figure8,1,yes,0,0
tern,stop75,garmin,figure8,1,no,0,0
tern,stop75,garmin,figure8,2,yes,0,0
tern,stop75,garmin,figure8,2,no,0,0
tern,stop75,sony,lawnmower,1,yes,0,0
tern,stop75,sony,lawnmower,1,no,0,0
tern,stop75,sony,lawnmower,2,yes,0,0
tern,stop75,sony,lawnmower,2,no,0,0
tern,stop75,sony,figure8,1,yes,0,0
tern,stop75,sony,figure8,1,no,0,0
tern,stop75,sony,figure8,2,yes,0,0
tern,stop75,sony,figure8,2,no,0,0
tern,stop75,nadir,lawnmower,1,yes,0,0
tern,stop75,nadir,lawnmower,1,no,0,0
tern,stop75,nadir,lawnmower,2,yes,0,0
tern,stop75,nadir,lawnmower,2,no,0,0
tern,stop75,nadir,figure8,1,yes,0,0
tern,stop75,nadir,figure8,1,no,0,0
tern,stop75,nadir,figure8,2,yes,0,0
tern,stop75,nadir,figure8,2,no,0,0
tern,random60,garmin,lawnmower,1,yes,0,0
tern,random60,garmin,lawnmower,1,no,0,0
tern,random60,garmin,lawnmower,2,yes,0,0
tern,random60,garmin,lawnmower,2,no,0,0
tern,random60,garmin,figure8,1,yes,0,0
tern,random60,garmin,figure8,1,no,0,0
tern,random60,garmin,figure8,2,yes,0,0
tern,random60,garmin,figure8,2,no,0,0
tern,random60,sony,lawnmower,1,yes,0,0
tern,random60,sony,lawnmower,1,no,0,0
tern,random60,sony,lawnmower,2,yes,0,0
tern,random60,sony,lawnmower,2,no,2,1
tern,random60,sony,figure8,1,yes,0,0
tern,random60,sony,figure8,1,no,0,0
tern,random60,sony,figure8,2,yes,0,0
tern,random60,sony,figure8,2,no,0,0
tern,random60,nadir,lawnmower,1,yes,0,0
tern,random60,nadir,lawnmower,1,no,0,0
tern,random60,nadir,lawnmower,2,yes,0,0
tern,random60,nadir,lawnmower,2,no,0,0
tern,random60,nadir,figure8,1,yes,0,0
tern,random60,nadir,figure8,1,no,0,0
tern,random60,nadir,figure8,2,yes,0,0
tern,random60,nadir,figure8,2,no,0,0
tern,random120,garmin,lawnmower,1,yes,0,0
tern,random120,garmin,lawnmower,1,no,0,0
tern,random120,garmin,lawnmower,2,yes,0,0
tern,random120,garmin,lawnmower,2,no,4,1
tern,random120,garmin,figure8,1,yes,0,0
tern,random120,garmin,figure8,1,no,0,0
tern,random120,garmin,figure8,2,yes,0,0
tern,random120,garmin,figure8,2,no,0,0
tern,random120,sony,lawnmower,1,yes,4,1
tern,random120,sony,lawnmower,1,no,4,1
tern,random120,sony,lawnmower,2,yes,5,3
tern,random120,sony,lawnmower,2,no,0,0
tern,random120,sony,figure8,1,yes,0,0
tern,random120,sony,figure8,1,no,0,0
tern,random120,sony,figure8,2,yes,0,0
tern,random120,sony,figure8,2,no,0,0
tern,random120,nadir,lawnmower,1,yes,3,2
tern,random120,nadir,lawnmower,1,no,0,0
tern,random120,nadir,lawnmower,2,yes,0,0
tern,random120,nadir,lawnmower,2,no,6,1
tern,random120,nadir,figure8,1,yes,0,0
tern,random120,nadir,figure8,1,no,0,0
tern,random120,nadir,figure8,2,yes,0,0
tern,random120,nadir,figure8,2,no,0,0
tern,random180,garmin,lawnmower,1,yes,3,1
tern,random180,garmin,lawnmower,1,no,1,1
tern,random180,garmin,lawnmower,2,yes,0,0
tern,random180,garmin,lawnmower,2,no,0,0
tern,random180,garmin,figure8,1,yes,0,0
tern,random180,garmin,figure8,1,no,0,0
tern,random180,garmin,figure8,2,yes,0,0
tern,random180,garmin,figure8,2,no,0,0
tern,random180,sony,lawnmower,1,yes,0,0
tern,random180,sony,lawnmower,1,no,0,0
tern,random180,sony,lawnmower,2,yes,0,0
tern,random180,sony,lawnmower,2,no,0,0
tern,random180,sony,figure8,1,yes,0,0
tern,random180,sony,figure8,1,no,0,0
tern,random180,sony,figure8,2,yes,0,0
tern,random180,sony,figure8,2,no,0,0
tern,random180,nadir,lawnmower,1,yes,0,0
tern,random180,nadir,lawnmower,1,no,0,0
tern,random180,nadir,lawnmower,2,yes,0,0
tern,random180,nadir,lawnmower,2,no,0,0
tern,random180,nadir,figure8,1,yes,0,0
tern,random180,nadir,figure8,1,no,0,0
tern,random180,nadir,figure8,2,yes,0,0
tern,random180,nadir,figure8,2,no,0,0
